<?xml version="1.0"?>
<!--
Licensed to the Apache Software Foundation (ASF) under one or more
contributor license agreements.  See the NOTICE file distributed with
this work for additional information regarding copyright ownership.
The ASF licenses this file to You under the Apache License, Version 2.0
(the "License"); you may not use this file except in compliance with
the License.  You may obtain a copy of the License at

     https://www.apache.org/licenses/LICENSE-2.0

Unless required by applicable law or agreed to in writing, software
distributed under the License is distributed on an "AS IS" BASIS,
WITHOUT WARRANTIES OR CONDITIONS OF ANY KIND, either express or implied.
See the License for the specific language governing permissions and
limitations under the License.
-->
<document xmlns="http://maven.apache.org/XDOC/2.0"
  xmlns:xsi="http://www.w3.org/2001/XMLSchema-instance"
  xsi:schemaLocation="http://maven.apache.org/XDOC/2.0 https://maven.apache.org/xsd/xdoc-2.0.xsd">
 <properties>
  <title>Home</title>
  <author email="dev@commons.apache.org">Apache Commons Team</author>
 </properties>
<body>
<!-- ================================================== -->
<section name="Commons Lang">

<p>
The standard Java libraries fail to provide enough methods for
manipulation of its core classes. Apache Commons Lang provides
these extra methods.
</p>

<p>
Apache Commons Lang provides a host of helper utilities for the java.lang API, notably
String manipulation methods, basic numerical methods, object reflection, concurrency, creation and serialization
and System properties. Additionally it contains basic enhancements to java.util.Date and a series of utilities dedicated to help with
building methods, such as hashCode, toString and equals.
</p>
<p>
Note that Commons Lang 3.0 (and subsequent versions) use a different package (<em>org.apache.commons.lang3</em>) than the previous versions (<em>org.apache.commons.lang</em>), 
allowing Commons Lang 3 to be used at the same time as Commons Lang 2.
</p>
</section>
<!-- ================================================== -->
<section name="Documentation">
<p>
The package descriptions in the <a href="apidocs/index.html">Javadoc</a> give an overview of the available features
and various <a href="project-reports.html">project reports</a> are provided.
</p>
<p>
The Javadoc API documents are available online:
</p>
<ul>
<li>The <a href="apidocs/index.html">current release</a> [Java 8 and up]</li>
<li>The <a href="https://javadoc.io/doc/org.apache.commons/commons-lang3">legacy releases for 3.x</a></li>
<li>The <a href="https://javadoc.io/doc/commons-lang/commons-lang">legacy releases for 2.x</a> [Java 1.2 and up]</li>
<li>Older releases - see the <a href="changes.html">Release History</a> page</li>
</ul>
<p>
The <a href="scm.html">git repository</a> can be
<a href="https://gitbox.apache.org/repos/asf?p=commons-lang.git">browsed</a>, or you can browse/contribute via <a href="https://github.com/apache/commons-lang">GitHub</a>.
</p>
</section>
<!-- ================================================== -->
<section name="Release Information">
<p>Read about the latest release:</p>
<ul>
<li>Pull it using a build tool like Maven using a <a href="dependency-info.html">dependency management reference</a>.</li>
<li>Download the latest release from a <a href="https://commons.apache.org/lang/download_lang.cgi">mirror</a>.</li>
<li>Read the <a href="changes.html">change report</a>.</li>
<li>Examine the <a href="article3_0.html">2.x to 3.0 upgrade notes</a>.</li>
<li>Compare major versions via the <a href="lang2-lang3-clirr-report.html">Lang2 to Lang3 Clirr report</a>.</li>
</ul>

<p>
For information on previous releases see the <a href="changes.html">Release History</a>, and to download previous releases see the <a href="https://archive.apache.org/dist/commons/lang/">Commons Lang Archive</a>.
</p>
</section>
<!-- ================================================== -->
<section name="Getting Involved">
<p>
The <a href="mail-lists.html">commons developer mailing list</a> is the main channel of communication for contributors. Please remember that the lists are shared between all commons components, so prefix your email by [lang]. </p>
<p>You can also peruse <a href="issue-tracking.html">JIRA</a>. Specific links of interest for JIRA are:</p>
<ul>
<li>Ideas looking for code: <a href="https://issues.apache.org/jira/issues/?jql=project%20%3D%20LANG%20AND%20resolution%20%3D%20Unresolved%20AND%20fixVersion%20%3D%20%22Patch%20Needed%22%20ORDER%20BY%20priority%20DESC">Patch Needed</a></li>
<li>Issues with patches, looking for reviews: <a href="https://issues.apache.org/jira/issues/?jql=fixVersion%20%3D%20%22Review%20Patch%22%20AND%20project%20%3D%20LANG%20AND%20resolution%20%3D%20Unresolved%20ORDER%20BY%20priority%20DESC">Review Patch</a></li>
</ul>
<p>Alternatively you can go through the <em>Needs Work</em> tags in the <a href="taglist.html">TagList report</a>.</p>
<p>If you'd like to offer up pull requests via GitHub rather than applying patches to JIRA, we have a <a href="https://github.com/apache/commons-lang/">GitHub mirror</a>. </p>
</section>
<!-- ================================================== -->
<section name="Support">
<p>
The <a href="mail-lists.html">commons mailing lists</a> act as the main support forum.
The user list is suitable for most library usage queries.
The dev list is intended for the development discussion.
Please remember that the lists are shared between all commons components,
so prefix your email by [lang].
</p>
<p>
Bug reports and enhancements are also welcomed via the <a href="issue-tracking.html">JIRA</a> issue tracker.
Please read the instructions carefully.
</p>
</section>
<!-- ================================================== -->
</body>
</document>
